date,blood_group,model,prediction,actual
2024-12-04,A+,SARIMA,18.68804159980648,18.0
2024-12-04,A-,SARIMA,6.049095997225787,6.0
2024-12-04,AB+,SARIMA,5.374559916149086,5.0
2024-12-04,AB-,SARIMA,2.3095317287371397,2.0
2024-12-04,B+,SARIMA,12.507437042227927,14.0
2024-12-04,B-,SARIMA,4.117055326059048,2.0
2024-12-04,O+,SARIMA,25.11917237772734,31.0
2024-12-04,O-,SARIMA,7.7603546650140025,9.0
2024-12-05,A+,SARIMA,18.238343571661012,23.0
2024-12-05,A-,SARIMA,5.94142691681473,6.0
2024-12-05,AB+,SARIMA,5.336582392937331,5.0
2024-12-05,AB-,SARIMA,2.3765485098633925,4.0
2024-12-05,B+,SARIMA,12.70792217964852,13.0
2024-12-05,B-,SARIMA,3.718305752039269,3.0
2024-12-05,O+,SARIMA,25.68418880208928,24.0
2024-12-05,O-,SARIMA,7.9639814155071775,8.0
2024-12-06,A+,SARIMA,17.77865709579789,19.0
2024-12-06,A-,SARIMA,6.128200948346489,6.0
2024-12-06,AB+,SARIMA,5.05273056357011,5.0
2024-12-06,AB-,SARIMA,2.3171840243046233,4.0
2024-12-06,B+,SARIMA,12.82689714635534,12.0
2024-12-06,B-,SARIMA,3.870163719260003,5.0
2024-12-06,O+,SARIMA,25.532105024370985,17.0
2024-12-06,O-,SARIMA,8.12499992577684,10.0
2024-12-07,A+,SARIMA,10.358340980269798,13.0
2024-12-07,A-,SARIMA,3.5725629352697403,4.0
2024-12-07,AB+,SARIMA,3.318667293244586,2.0
2024-12-07,AB-,SARIMA,1.2471479965743095,1.0
2024-12-07,B+,SARIMA,7.511869462446659,7.0
2024-12-07,B-,SARIMA,1.9879457331164145,2.0
2024-12-07,O+,SARIMA,15.112500587541094,25.0
2024-12-07,O-,SARIMA,4.665083767780818,7.0
2024-12-08,A+,SARIMA,10.558184767676007,11.0
2024-12-08,A-,SARIMA,3.4575836730156353,3.0
2024-12-08,AB+,SARIMA,3.1453854399088157,4.0
2024-12-08,AB-,SARIMA,1.4471507516945077,2.0
2024-12-08,B+,SARIMA,7.563915754295498,8.0
2024-12-08,B-,SARIMA,2.1913238440658995,5.0
2024-12-08,O+,SARIMA,14.437209456970065,16.0
2024-12-08,O-,SARIMA,4.875091365083101,3.0
2024-12-09,A+,SARIMA,17.770348464887284,23.0
2024-12-09,A-,SARIMA,6.399799295044635,5.0
2024-12-09,AB+,SARIMA,5.243570274099014,4.0
2024-12-09,AB-,SARIMA,2.290646383147339,2.0
2024-12-09,B+,SARIMA,12.833753271686211,12.0
2024-12-09,B-,SARIMA,4.022198675524768,6.0
2024-12-09,O+,SARIMA,25.562553635097448,27.0
2024-12-09,O-,SARIMA,7.860259065718756,9.0
2024-12-10,A+,SARIMA,17.983204962948957,20.0
2024-12-10,A-,SARIMA,6.327190523044132,6.0
2024-12-10,AB+,SARIMA,5.132513208446326,6.0
2024-12-10,AB-,SARIMA,2.2514378200058087,2.0
2024-12-10,B+,SARIMA,12.815172094798651,12.0
2024-12-10,B-,SARIMA,4.0482804120368545,2.0
2024-12-10,O+,SARIMA,25.229195716457014,18.0
2024-12-10,O-,SARIMA,8.186623399883867,8.0
2024-12-11,A+,SARIMA,18.683411639665948,19.0
2024-12-11,A-,SARIMA,6.109809870305889,8.0
2024-12-11,AB+,SARIMA,5.4477267338163475,6.0
2024-12-11,AB-,SARIMA,2.294086393705816,2.0
2024-12-11,B+,SARIMA,12.525051717894405,15.0
2024-12-11,B-,SARIMA,3.9986609376226596,2.0
2024-12-11,O+,SARIMA,25.092327975493756,24.0
2024-12-11,O-,SARIMA,7.768378810633566,8.0
2024-12-12,A+,SARIMA,18.22350198617118,30.0
2024-12-12,A-,SARIMA,5.936013612880936,6.0
2024-12-12,AB+,SARIMA,5.2133906657448605,7.0
2024-12-12,AB-,SARIMA,2.3739590808649957,3.0
2024-12-12,B+,SARIMA,12.696535325246497,12.0
2024-12-12,B-,SARIMA,3.739268819717114,5.0
2024-12-12,O+,SARIMA,25.64874812138624,31.0
2024-12-12,O-,SARIMA,7.9585108556937705,8.0
2024-12-13,A+,SARIMA,17.763499070659098,19.0
2024-12-13,A-,SARIMA,6.035142088923585,6.0
2024-12-13,AB+,SARIMA,5.232016074052593,4.0
2024-12-13,AB-,SARIMA,2.3139651213418713,2.0
2024-12-13,B+,SARIMA,12.810230283945463,21.0
2024-12-13,B-,SARIMA,3.8760389980212513,3.0
2024-12-13,O+,SARIMA,25.512083530892998,25.0
2024-12-13,O-,SARIMA,8.11851999064036,8.0
2024-12-14,A+,SARIMA,10.343488446043825,10.0
2024-12-14,A-,SARIMA,3.594390748561653,4.0
2024-12-14,AB+,SARIMA,3.2894760577831437,4.0
2024-12-14,AB-,SARIMA,1.2439647951071298,2.0
2024-12-14,B+,SARIMA,7.49963622447247,7.0
2024-12-14,B-,SARIMA,2.08145562741238,2.0
2024-12-14,O+,SARIMA,15.090797122689146,16.0
2024-12-14,O-,SARIMA,4.658520469122048,5.0
2024-12-15,A+,SARIMA,10.543478993141932,12.0
2024-12-15,A-,SARIMA,3.414051108713357,4.0
2024-12-15,AB+,SARIMA,3.1321365046836993,4.0
2024-12-15,AB-,SARIMA,1.4439650113276044,2.0
2024-12-15,B+,SARIMA,7.551580053753798,7.0
2024-12-15,B-,SARIMA,2.1652968977067615,3.0
2024-12-15,O+,SARIMA,14.40478201749224,16.0
2024-12-15,O-,SARIMA,4.868519774842671,7.0
2024-12-16,A+,SARIMA,17.755923699464773,21.0
2024-12-16,A-,SARIMA,6.508237818215434,7.0
2024-12-16,AB+,SARIMA,5.3132892927721365,6.0
2024-12-16,AB-,SARIMA,2.287467097886419,4.0
2024-12-16,B+,SARIMA,12.82089540999064,13.0
2024-12-16,B-,SARIMA,3.913637277785189,2.0
2024-12-16,O+,SARIMA,25.55467979807602,26.0
2024-12-16,O-,SARIMA,7.85368721083973,8.0
2024-12-17,A+,SARIMA,17.96879439797537,17.0
2024-12-17,A-,SARIMA,6.293287728027861,7.0
2024-12-17,AB+,SARIMA,5.212449595825618,4.0
2024-12-17,AB-,SARIMA,2.2482477042381523,2.0
2024-12-17,B+,SARIMA,12.800415339551536,13.0
2024-12-17,B-,SARIMA,4.036462598919336,4.0
2024-12-17,O+,SARIMA,25.207960026975147,27.0
2024-12-17,O-,SARIMA,8.18004766587255,7.0
2024-12-18,A+,SARIMA,18.668668317667276,20.0
2024-12-18,A-,SARIMA,6.095586856473081,4.0
2024-12-18,AB+,SARIMA,5.441121984847088,5.0
2024-12-18,AB-,SARIMA,2.2908977517849722,3.0
2024-12-18,B+,SARIMA,12.511838110596571,13.0
2024-12-18,B-,SARIMA,4.003399665509106,3.0
2024-12-18,O+,SARIMA,25.07006594249481,27.0
2024-12-18,O-,SARIMA,7.761805178760438,7.0
2024-12-19,A+,SARIMA,18.208757982916985,19.0
2024-12-19,A-,SARIMA,5.926674210329226,8.0
2024-12-19,AB+,SARIMA,5.224851112546876,6.0
2024-12-19,AB-,SARIMA,2.3707703679481567,4.0
2024-12-19,B+,SARIMA,12.683377831339868,13.0
2024-12-19,B-,SARIMA,3.7301645585625502,4.0
2024-12-19,O+,SARIMA,25.626451629980057,25.0
2024-12-19,O-,SARIMA,7.951937382655249,9.0
2024-12-20,A+,SARIMA,17.748755046294036,22.0
2024-12-20,A-,SARIMA,6.032275468711197,6.0
2024-12-20,AB+,SARIMA,5.215648292045716,5.0
2024-12-20,AB-,SARIMA,2.310776411901259,2.0
2024-12-20,B+,SARIMA,12.797083006022975,20.0
2024-12-20,B-,SARIMA,3.8684334732992345,4.0
2024-12-20,O+,SARIMA,25.489848847702373,19.0
2024-12-20,O-,SARIMA,8.11194652948219,10.0
2024-12-21,A+,SARIMA,10.328744442059202,16.0
2024-12-21,A-,SARIMA,3.5830395403741884,3.0
2024-12-21,AB+,SARIMA,3.2922883589853553,2.0
2024-12-21,AB-,SARIMA,1.2407760854693615,2.0
2024-12-21,B+,SARIMA,7.486480368184654,8.0
2024-12-21,B-,SARIMA,2.0651449708927085,3.0
2024-12-21,O+,SARIMA,15.068555697272243,16.0
2024-12-21,O-,SARIMA,4.651947008945168,6.0
2024-12-22,A+,SARIMA,10.52873499894819,9.0
2024-12-22,A-,SARIMA,3.407526882286942,3.0
2024-12-22,AB+,SARIMA,3.133482097243215,4.0
2024-12-22,AB-,SARIMA,1.4407763017038566,0.0
2024-12-22,B+,SARIMA,7.5384243957149195,8.0
2024-12-22,B-,SARIMA,2.1608603613190565,2.0
2024-12-22,O+,SARIMA,14.382497604742376,15.0
2024-12-22,O-,SARIMA,4.861946314763418,6.0
2024-12-23,A+,SARIMA,17.741179724018195,22.0
2024-12-23,A-,SARIMA,6.49049025290328,6.0
2024-12-23,AB+,SARIMA,5.307001744991462,7.0
2024-12-23,AB-,SARIMA,2.284278388227027,3.0
2024-12-23,B+,SARIMA,12.807740762251392,12.0
2024-12-23,B-,SARIMA,3.9173992514580345,4.0
2024-12-23,O+,SARIMA,25.53249380908424,27.0
2024-12-23,O-,SARIMA,7.847113750763589,6.0
2024-12-24,A+,SARIMA,17.95405042347615,19.0
2024-12-24,A-,SARIMA,6.286052325772637,5.0
2024-12-24,AB+,SARIMA,5.205222039215301,7.0
2024-12-24,AB-,SARIMA,2.245058994638565,4.0
2024-12-24,B+,SARIMA,12.78726436587238,12.0
2024-12-24,B-,SARIMA,4.030614606831801,3.0
2024-12-24,O+,SARIMA,25.18572047664806,25.0
2024-12-24,O-,SARIMA,8.17347420584212,9.0
2024-12-25,A+,SARIMA,18.6539243209686,20.0
2024-12-25,A-,SARIMA,6.086898066885491,5.0
2024-12-25,AB+,SARIMA,5.441856305177334,5.0
2024-12-25,AB-,SARIMA,2.2877090421772466,3.0
2024-12-25,B+,SARIMA,12.498684151169062,14.0
2024-12-25,B-,SARIMA,3.995907039384288,5.0
2024-12-25,O+,SARIMA,25.047822278042876,27.0
2024-12-25,O-,SARIMA,7.755231718705239,9.0
2024-12-26,A+,SARIMA,18.19401398617286,20.0
2024-12-26,A-,SARIMA,5.917624757241063,7.0
2024-12-26,AB+,SARIMA,5.223923415578679,6.0
2024-12-26,AB-,SARIMA,2.367581658340823,3.0
2024-12-26,B+,SARIMA,12.67022376334178,19.0
2024-12-26,B-,SARIMA,3.7240470174237306,2.0
2024-12-26,O+,SARIMA,25.6042078274007,19.0
2024-12-26,O-,SARIMA,7.945363922598176,13.0
2024-12-27,A+,SARIMA,17.734011049548503,19.0
2024-12-27,A-,SARIMA,6.022747988973783,6.0
2024-12-27,AB+,SARIMA,5.217280821839019,5.0
2024-12-27,AB-,SARIMA,2.307587702293906,2.0
2024-12-27,B+,SARIMA,12.783928918258564,14.0
2024-12-27,B-,SARIMA,3.8621670560787926,3.0
2024-12-27,O+,SARIMA,25.467605292882865,31.0
2024-12-27,O-,SARIMA,8.105373069424976,7.0
2024-12-28,A+,SARIMA,10.314000445315028,12.0
2024-12-28,A-,SARIMA,3.5741386627604634,4.0
2024-12-28,AB+,SARIMA,3.292156300645617,3.0
2024-12-28,AB-,SARIMA,1.2375873758620095,3.0
2024-12-28,B+,SARIMA,7.473326297018028,8.0
2024-12-28,B-,SARIMA,2.05974327270084,3.0
2024-12-28,O+,SARIMA,15.046312115426346,14.0
2024-12-28,O-,SARIMA,4.645373548887942,5.0
2024-12-29,A+,SARIMA,10.513991002204671,11.0
2024-12-29,A-,SARIMA,3.39826952336483,4.0
2024-12-29,AB+,SARIMA,3.133484977664551,4.0
2024-12-29,AB-,SARIMA,1.4375875920965044,1.0
2024-12-29,B+,SARIMA,7.5252703241647145,10.0
2024-12-29,B-,SARIMA,2.1542791545494504,2.0
2024-12-29,O+,SARIMA,14.36025385058063,16.0
2024-12-29,O-,SARIMA,4.855372854706192,4.0
2024-12-30,A+,SARIMA,17.726435727275927,30.0
2024-12-30,A-,SARIMA,6.482061757798876,6.0
2024-12-30,AB+,SARIMA,5.307706882473693,4.0
2024-12-30,AB-,SARIMA,2.281089678619675,2.0
2024-12-30,B+,SARIMA,12.794586688746417,14.0
2024-12-30,B-,SARIMA,3.910003650625238,3.0
2024-12-30,O+,SARIMA,25.510250449456706,23.0
2024-12-30,O-,SARIMA,7.840540290706364,8.0
2024-12-31,A+,SARIMA,17.939306426733953,13.0
2024-12-31,A-,SARIMA,6.276847488468071,7.0
2024-12-31,AB+,SARIMA,5.206013658513469,8.0
2024-12-31,AB-,SARIMA,2.241870285031212,3.0
2024-12-31,B+,SARIMA,12.774110285258676,14.0
2024-12-31,B-,SARIMA,4.024173606164756,3.0
2024-12-31,O+,SARIMA,25.16347690231851,27.0
2024-12-31,O-,SARIMA,8.166900745784895,8.0
